<?xml version="1.0" encoding="UTF-8"?>
<project-private xmlns="http://www.netbeans.org/ns/project-private/1">
    <editor-bookmarks xmlns="http://www.netbeans.org/ns/editor-bookmarks/2" lastBookmarkId="0"/>
    <open-files xmlns="http://www.netbeans.org/ns/projectui-open-files/2">
        <group>
            <file>file:/C:/xampp/htdocs/RobotArmInterface/motor2.php</file>
            <file>file:/C:/xampp/htdocs/RobotArmInterface/motor3.php</file>
            <file>file:/C:/xampp/htdocs/RobotArmInterface/motor4.php</file>
            <file>file:/C:/xampp/htdocs/RobotArmInterface/ControlUserInterface.html</file>
            <file>file:/C:/xampp/htdocs/RobotArmInterface/motor6.php</file>
            <file>file:/C:/xampp/htdocs/RobotArmInterface/motor5.php</file>
            <file>file:/C:/xampp/htdocs/RobotArmInterface/motor1.php</file>
        </group>
    </open-files>
</project-private>
